Linked Data site	"http://esw.w3.org/topic/SweoIG/TaskForces/CommunityProjects/LinkingOpenData"	Ресурс посвящённые тематике Linked Data	linked data,semantic web	EN	Каталог ресурсов															
Freebase dataset	"http://download.freebase.com/"		wikipedia	EN	Массив данных															
List of Resource.org datasets	http://bulk.resource.org/		government	EN	Каталог массивов данных															
Labeled Faces data	http://vis-www.cs.umass.edu/lfw/	Welcome to Labeled Faces in the Wild, a database of face photographs designed for studying the problem of unconstrained face recognition. The dataset contains more than 13,000 images of faces collected from the web. Each face has been labeled with the name of the person pictured. 1680 of the people pictured have two or more distinct photos in the data set. The only constraint on these faces is that they were detected by the Viola-Jones face detector. More details can be found in the technical report below.	imaging	EN	Массив данных															
Country Files (GNS)	http://earth-info.nga.mil/gns/html/namefiles.htm	Complete Files of Geographic Names for Geopolitical Areas from GNS (ISO/IEC 10646 [Unicode UTF-8] Compliant as of 18 July 2002)	government, geo	EN	Массив данных															
IP Addresses Database - geotagging	http://www.hostip.info/dl/index.html	База IP адресов с возможностью определения географических координат адреса	ipaddress, geo, geotagging	EN	Массив данных															
HostIP: API address geotagging	http://www.hostip.info/use.html	API для определения географических координат	ipaddress, geo, geotagging, api	EN	API															
USA Airlanes database	http://web.mit.edu/airlinedata/www/default.html	База статистических данных о авиалиниях в США	industry, aviation, usa	EN	Массив данных															
Amazon Web Services	http://www.amazon.com/gp/browse.html?node=12782661	Коллекция API от Amazon	api	EN	Каталог API															
DMOZ RDF	http://rdf.dmoz.org/	Экспорт DMOZ в формате RDF	dmoz, catalog	EN	Массив данных															
Wikipedia data dumps	"http://meta.wikimedia.org/wiki/Data_dumps"	Экспорт данных из википедии	wikipedia	EN	Массив данных															
NOAA NSSL Historical Data Archive	http://data.nssl.noaa.gov/	Исторические данные наблюдения за погодой	weather	EN	Массив данных															
National Bureau of Economic Research	http://www.nber.org/data/	Экономические, торговые и производственные подборки массивов данных за исторические периоды	usa, economics	EN	Каталог массивов данных															
List of economic datasets	http://ucatlas.ucsc.edu/metadata/metadata.html		usa, economics	EN	Каталог массивов данных															
NIST Scientific datasets	http://www.itl.nist.gov/div898/strd/general/dataarchive.html	Массивы данных для научных и алгоритмических исследований	science, usa	EN	Каталог массивов данных															
USA Agriculture Service datasets	http://www.fas.usda.gov/psdonline/psdDownload.aspx	"Массивы данных United States Department of Agriculture"	economics, agroculture, usa	EN	Каталог массивов данных	CSV, RAW														
List of StatSci.org datasets	http://www.statsci.org/datasets.html	Коллекция ссылок на ресурсы	statistics, math, usa	EN	Каталог ресурсов															
ImageParsing.com dataset	http://www.imageparsing.com/regedit0.aspx	The LHI dataset is available for free to researchers at academic institutions (universities, schools and government research labs) for non-commercial purpose.	imaging	EN	Массив данных															
US Traffic Volume Trends	http://www.fhwa.dot.gov/ohim/tvtw/tvtpage.htm	Traffic Volume Trends is a monthly report based on hourly traffic count data reported by the States. These data are collected at approximately 4,000 continuous traffic counting locations nationwide and are used to estimate the percent change in traffic for the current month compared with the same month in the previous year. Estimates are re-adjusted annually to match the vehicle miles of travel from the Highway Performance Monitoring System and are continually updated with additional data.	usa, government, traffic	EN	Массив данных	XLS, PDF														
List of datasets on TAGora project	http://www.tagora-project.eu/data/#imdbnetflix	Коллекции датасетов по социальным сетям и сервисам	social, usa	EN	Массив данных															
BestFire Prices dataset	http://www.betfairpromo.com/betfairsp/prices/	Датасет по ценам в BestFirePrices.com	pricing, usa	EN	Массив данных	CSV														
US Elections Datasets	http://www.fec.gov/finance/disclosure/ftpdet.shtml#a2007_2008	These files for the three most recent election cycles are updated each Sunday and include any information entered into the FEC database up to that date.	government, usa	EN	Каталог массивов данных	TXT														
World Cities Dataset	http://www.maxmind.com/download/worldcities/	Датасет с перечнем городов мира	geo, international	EN	Массив данных	TXT														
List of InfoChimps free datasets	http://infochimps.org/	Большая коллекция структурированных датасетов	datasets, usa	EN	Каталог массивов данных	CSV, XML, YAML														
Общероссийский классификатор валют	http://www.rbc.ru/okv.html		russia, finances	RU	Массив данных	HTML(table)														
Каталог хостеров	http://www.hostobzor.ru/db/export.php	Каталог компаний хостеров в формате XML	russia, internet	RU	Массив данных	XML,SQL														
Классификатор валют на сайте ISO	http://www.iso.org/iso/support/faqs/faqs_widely_used_standards/widely_used_standards_other/currency_codes/currency_codes_list-1.htm	Классификатор стран и валют в странах	finances	EN	Массив данных	HTML(table)														
Реестр организаций, которым выдан сертификат соответствия требованиям Стандартов ПАРТАД	http://www.partad.ru/consult/reestr.htm	Реестр организаций, которым выдан сертификат соответствия требованиям Стандартов ПАРТАД	russia, finances	RU	Массив данных	HTML(table)														
Реестр издательств	http://isbn.bookchamber.ru/	Реестр издательств по зарегистрированным ISBN кодам	russia, books	RU	Массив данных	HTML(table)														
Перечень организаций подведомственных Росрыболовству	http://www.fishcom.ru/page.php?r=37	http://www.fishcom.ru/page.php?r=37Перечень организаций подведомственных Росрыболовству	russia, fish,sea, government	RU	Массив данных	HTML(table)														
Территориальные региональные управления и входящие в них ФГУ Росрыболовства	http://www.fishcom.ru/page.php?r=35&id=4	Территориальные региональные управления и входящие в них ФГУ Росрыболовства	russia, fish,sea, government	RU	Массив данных	HTML(table)														
Научно-исследовательский флот Росрыболовства	http://www.fishcom.ru/page.php?r=23&id=2	Структура научно-исследовательского флота по состоянию на 18 декабря 2006 года	russia, fish,sea	RU	Массив данных	HTML(table)														
Учебные заведения Росрыболовства	http://www.fishcom.ru/page.php?r=39	Высшие и специальные учебные заведения	russia, fish,sea	RU	Массив данных	HTML(table)														
Перечень учебных заведений	http://www.edu.ru/vuz/list/	Все вузы России	russia, education	RU	Массив данных	HTML(table)														
Перечень аккредитованных учреждений высшего образования	http://abitur.nica.ru	Перечень аккредитованных учреждений высшего образования	russia, education, government	RU	Массив данных	HTML(table)														
Каталог школ	http://www.ucheba.ru/school/?action=filter	База Школ	russia, education	RU	Массив данных	HTML(table)														
Образовательные учреждения Рособразования	http://www.ed.gov.ru/new_uprav/podvorgiu/ou/	Подъведомственные Рособразованию образовательные учреждения	russia, education	RU	Массив данных	HTML(table)														
Центры информатизации Рособразования	http://www.ed.gov.ru/new_uprav/podvorgiu/centry/	Ресурсные центры (РЦ), региональные центры информатизации (РЦИ) и центры новых информационных технологий в сфере образования и науки (ЦНИТ)	russia, education, government	RU	Массив данных	HTML(table)														
Все научно-исследовательские институты	http://www.scientific.ru/instit/instsig.html	Все научно-исследовательские институты	russia, education	RU	Массив данных	HTML(table)														
Реестр таможенных складов	http://www.customs.ru/ru/ved_info/popup.php?list286=tm	Реестр таможенных складов ФТС России	russia, customs, government	RU	Массив данных	HTML(table)														
Таможенные превозчики	http://www.customs.ru/ru/ved_info/popup.php?list286=car	Таможенные перевозчики ФТС России	russia, customs, government	RU	Массив данных	HTML(table)														
Таможенные органы России и их структурные подразделения	http://www.customs.ru/ru/ved_info/popup.php?list286=ktam	  Таможенные органы России и их структурные подразделения	russia, customs, government	RU	Массив данных	HTML(table)														
Свидетельства таможенных брокеров и средства связи	http://www.customs.ru/ru/ved_info/popup.php?list286=tbrok_svid	  Свидетельства таможенных брокеров и средства связи ФТС России	russia, customs, government	RU	Массив данных	HTML(table)														
Предварительные решения о классификации товаров ФТС России	http://www.customs.ru/ru/ved_info/popup.php?list286=predecision	  Предварительные решения о классификации товаров ФТС России	russia, customs, government	RU	Массив данных	HTML(table)														
Реестр складов временного хранения ФТС России	http://www.customs.ru/ru/ved_info/popup.php?list286=bx	Реестр складов временного хранения ФТС России	russia, customs, government	RU	Массив данных	HTML(table)														
Перевозчики - нарушители конвенции МДП	http://www.customs.ru/ru/ved_info/popup.php?list286=dnbdlist	  Перевозчики - нарушители конвенции МДП ФТС России	russia, customs, government	RU	Массив данных	HTML(table)														
Архив курсов обменов валют ФТС России	http://www.customs.ru/ru/ved_info/printable.php?list286=valuta	Архив курсов обменов валют ФТС России	russia, customs, government	RU	Массив данных	HTML(table)														
Товарная номенклатура внешнеэкономической деятельности Российской Федерации	http://www.customs.ru/ru/ved_info/popup.php?list286=tnvedall	  Товарная номенклатура внешнеэкономической деятельности Российской Федерации	russia, customs, government	RU	Массив данных	HTML(table)														
Перечень таможенных органов, имеющих достаточную техническую оснащенность для применения электронной формы декларирования	http://www.customs.ru/ru/ved_info/EFD1/popup.php/	Перечень таможенных органов, имеющих достаточную техническую оснащенность для применения электронной формы декларирования	russia, customs, government	RU	Массив данных	HTML(table)														
Реестр объектов интеллектуальной собственности (ОИС) ФТС России	http://www.customs.ru/ru/ved_info/copyright_pro//detail.php?id286=1642&i286=1	Реестр объектов интеллектуальной собственности (ОИС) ФТС России	russia, customs, government	RU	Массив данных															
Реестр банков и иных организаций, которые могут выступать в качестве гаранта (ФТС России)	http://www.customs.ru/ru/ved_info/garants/popup.php/	Реестр банков и иных организаций, которые могут выступать в качестве гаранта (ФТС России)	russia, customs, government	RU	Массив данных	HTML(table)														
Реестр евразийских патентов	http://ea.espacenet.com	Реестр евразийских патентов	russia, patent, government	RU	Массив данных	HTML(table)														
Единый федеральный реестр туроператоров	http://reestr.russiatourism.ru/	Единый федеральный реестр туроператоров	russia, government, tourism	RU	Массив данных	HTML(table)														
Реестр идентификаторов сертификатов для УЦ РФ	http://www.ctel.msk.ru/x500/OIDS/inform.htm	Реестр идентификаторов сертификатов для УЦ РФ	russia	RU	Массив данных	HTML(table)														
Государственный регистр фильмов	http://mkrf.ru/activity/register/	Государственный регистр фильмов	russia, government	RU	Каталог массивов данных	HTML(table)														
География российских IP	http://ipgeobase.ru/cgi-bin/Archive.cgi	Поиск географического местонахождения IP-адреса, выделенного RIPE локальным интернет-реестрам (LIR-ам) для Российской Федерации.	russia, internet, geo, geotagging	RU	Массив данных	TXT														
Статистика российских доменов	http://www.1stat.ru	1stat.RU - это уникальный некоммерческий проект, полностью посвященный статистике российских доменных зон. Россия - единственная страна, у которой две доменные зоны верхнего уровня - RU и SU. 	russia, internet, domains	RU	Форма поиска	HTML														
Статистика и аналитика по российским доменам	http://stat.reg.ru	Статистика по доменам в зонах RU и SU	russia, internet, domains	RU	Форма поиска	HTML														
База КЛАДР	http://www.gnivc.ru/Document.aspx?id=80	Классификатор адресов в Российской Федерации поддерживаемый налоговой службой	russia, classifiers, government	RU	Массив данных	DBF														
Международные и междугородние телефонные коды	http://www.mtt.ru/info/codes/index.wbp	Коды стран и городов на сайте MTT	russia, phone	RU	Форма поиска	HTML														
MTT - Справочник услуг ИСС	http://www.mtt.ru/info/iss_services/index.wbp	Помимо междугородной и международной связи, МТТ предоставляет своим клиентам широкий спектр услуг Интеллектуальной сети связи (услуги ИСС). 	russia, phone	RU	Форма поиска	HTML														
MTT - коды операторов мобильной связи	http://www.mtt.ru/info/def/index.wbp	Коды операторов сотовой связи (DEF коды)	russia, phone	RU	Форма поиска	HTML														
Российские почтовые индексы	http://info.russianpost.ru/database/ops.html	Полный перечень всех существующих почтовых индексов в России	russia, post, government	RU	Массив данных	DBF														
Справочник СОУН	http://www.nalog.ru/document.php?id=22655&topic=no_software	Справочник налоговых органов ответственных за постановку на учёт юридических лиц	russia, classifiers, government	RU	Массив данных	DBF														
Реестр юридических лиц	http://egrul.nalog.ru/fns/index.php	База регистрации юридических лиц	russia, government	RU	Форма поиска	HTML														
Перечень кредитных организаций на сайте Центробанка	http://www.cbr.ru/credit/colist.asp?find=&x=38&y=10&how=name&reg=0&status=3	Каталог кредитных организаций и форма поиска на сайте Центробанка	russia, finances	RU	Массив данных	HTML(table)														
Справочник БИК	http://www.pvision.ru/bik.htm	Справочник всех кредитных организаций BNKSEEK	russia, finances	RU	Массив данных	DBF														
Общероссийские классификаторы	http://www.mosclassific.ru/mClass/ork_list.php	"Общероссийские классификаторы на сайте классификаторов ГУП ""Московский социальный реестр"""	russia, government, classifiers	RU	Каталог массивов данных	HTML(table)														
Общемосковские классификаторы	http://www.mosclassific.ru/mClass/omk_list.php	"Общемосковские классификаторы на сайте классификаторов ГУП ""Московский социальный реестр"""	russia, government, classifiers	RU	Каталог массивов данных	XML, DBF, XLS, HTML(table)														
Общемосковский классификатор улиц	http://www.mosclassific.ru/mClass/omkum_load.php	Общемосковский классификатор улиц	russia, government, classifiers	RU	Каталог массивов данных	XML, DBF, XLS, HTML(table)														
Общемосковский классификатор территориальных единиц Москвы	http://www.mosclassific.ru/mClass/omkte_load.php	Общемосковский классификатор территориальных единиц Москвы	russia, government, classifiers	RU	Каталог массивов данных	XML, DBF, XLS, HTML(table)														
Общемосковский классификатор муниципальных образований Москвы	http://www.mosclassific.ru/mClass/omkmo_load.php	Общемосковский классификатор муниципальных образований Москвы	russia, government, classifiers	RU	Каталог массивов данных	XML, DBF, XLS, HTML(table)														
Общемосковский классификатор типов информационных ресурсов [ОМК ИР]	http://www.mosclassific.ru/mClass/omkir_load.php	Общемосковский классификатор типов информационных ресурсов [ОМК ИР]	russia, government, classifiers	RU	Каталог массивов данных	XML, DBF, XLS, HTML(table)														
Общемосковский классификатор информации об общемосковских классификаторах [ОКОК М]	http://www.mosclassific.ru/mClass/okokm_load.php	Общемосковский классификатор информации об общемосковских классификаторах [ОКОК М]	russia, government, classifiers	RU	Каталог массивов данных	XML, DBF, XLS, HTML(table)														
Общемосковский классификатор территорий Москвы [ОМК ТМ]	http://www.mosclassific.ru/mClass/omktm_load.php	Общемосковский классификатор территорий Москвы [ОМК ТМ]	russia, government, classifiers	RU	Каталог массивов данных	XML, DBF, XLS, HTML(table)														
Общероссийский классификатор объектов административно - территориального деления [ОКАТО]	http://www.mosclassific.ru/mClass/okato_view.php	Общероссийский классификатор объектов административно - территориального деления [ОКАТО]	russia, government, classifiers, geo, okato	RU	Форма поиска	HTML														
Общероссийский классификатор валют [ОКВ]	http://www.mosclassific.ru/mClass/okv_view.php	Общероссийский классификатор валют [ОКВ]	russia, government, classifiers, finances	RU	Форма поиска	HTML														
Общероссийский классификатор видов грузов, упаковки и упаковочных материалов [ОКВГУМ]	http://www.mosclassific.ru/mClass/okvgum_view.php	Общероссийский классификатор видов грузов, упаковки и упаковочных материалов [ОКВГУМ]	russia, government, classifiers	RU	Форма поиска	HTML														
Общероссийский классификатор видов экономической деятельности [ОКВЭД]	http://www.mosclassific.ru/mClass/okved_view.php	Общероссийский классификатор видов экономической деятельности [ОКВЭД]	russia, government, classifiers	RU	Форма поиска	HTML														
Общероссийский классификатор гидроэнергетических ресурсов [ОКГР]	http://www.mosclassific.ru/mClass/okgr_view.php	Общероссийский классификатор гидроэнергетических ресурсов [ОКГР]	russia, government, classifiers	RU	Форма поиска	HTML														
Общероссийский классификатор видов экономической деятельности, продукции и услуг [ОКДП]	http://www.mosclassific.ru/mClass/okdp_view.php	Общероссийский классификатор видов экономической деятельности, продукции и услуг [ОКДП]	russia, government, classifiers	RU	Форма поиска	HTML														
Общероссийский классификатор единиц измерения [ОКЕИ]	http://www.mosclassific.ru/mClass/okei_view.php	Общероссийский классификатор единиц измерения [ОКЕИ]	russia, government, classifiers	RU	Форма поиска	HTML														
Общероссийский классификатор занятий [ОКЗ]	http://www.mosclassific.ru/mClass/okz_view.php	Общероссийский классификатор занятий [ОКЗ]	russia, government, classifiers	RU	Форма поиска	HTML														
Общероссийский классификатор информации о населении [ОКИН]	http://www.mosclassific.ru/mClass/okin_view.php	Общероссийский классификатор информации о населении [ОКИН]	russia, government, classifiers	RU	Форма поиска	HTML														
Общероссийский классификатор информации по социальной защите населения [ОКИСЗН]	http://www.mosclassific.ru/mClass/okiszn_view.php	Общероссийский классификатор информации по социальной защите населения [ОКИСЗН]	russia, government, classifiers	RU	Форма поиска	HTML														
Общероссийский классификатор начального профессионального образования [ОКНПО]	http://www.mosclassific.ru/mClass/oknpo_view.php	Общероссийский классификатор начального профессионального образования [ОКНПО]	russia, government, classifiers	RU	Форма поиска	HTML														
Общероссийский классификатор органов государственной власти и управления [ОКОГУ]	http://www.mosclassific.ru/mClass/okogu_view.php	Общероссийский классификатор органов государственной власти и управления [ОКОГУ]	russia, government, classifiers	RU	Форма поиска	HTML														
Общероссийский классификатор информации об общероссийских классификаторах [ОКОК]	http://www.mosclassific.ru/mClass/okok_view.php	Общероссийский классификатор информации об общероссийских классификаторах [ОКОК]	russia, government, classifiers	RU	Форма поиска	HTML														
Общероссийский классификатор организационно-правовых форм [ОКОПФ]	http://www.mosclassific.ru/mClass/okopf_view.php	Общероссийский классификатор организационно-правовых форм [ОКОПФ]	russia, government, classifiers	RU	Форма поиска	HTML														
Общероссийский классификатор основных фондов [ОКОФ]	http://www.mosclassific.ru/mClass/okof_view.php	Общероссийский классификатор основных фондов [ОКОФ]	russia, government, classifiers	RU	Форма поиска	HTML														
Общероссийский классификатор продукции [ОКП]	http://www.mosclassific.ru/mClass/okp_view.php	Общероссийский классификатор продукции [ОКП]	russia, government, classifiers	RU	Форма поиска	HTML														
Общероссийский классификатор профессий рабочих, должностей служащих и тарифных разрядов [ОКПДТР]	http://www.mosclassific.ru/mClass/okpdtr_view.php	Общероссийский классификатор профессий рабочих, должностей служащих и тарифных разрядов [ОКПДТР]	russia, government, classifiers	RU	Форма поиска	HTML														
Общероссийский классификатор полезных ископаемых и подземных вод [ОКПИиПВ]	http://www.mosclassific.ru/mClass/okpi_view.php	Общероссийский классификатор полезных ископаемых и подземных вод [ОКПИиПВ]	russia, government, classifiers	RU	Форма поиска	HTML														
Общероссийский классификатор стандартов [ОКС]	http://www.mosclassific.ru/mClass/oks_view.php	Общероссийский классификатор стандартов [ОКС]	russia, government, classifiers	RU	Форма поиска	HTML														
Общероссийский классификатор специальностей высшей научной квалификации [ОКСВНК]	http://www.mosclassific.ru/mClass/oksvnk_view.php	Общероссийский классификатор специальностей высшей научной квалификации [ОКСВНК]	russia, government, classifiers	RU	Форма поиска	HTML														
Общероссийский классификатор стран мира [ОКСМ]	http://www.mosclassific.ru/mClass/oksm_view.php	Общероссийский классификатор стран мира [ОКСМ]	russia, government, classifiers	RU	Форма поиска	HTML														
Общероссийский классификатор специальностей по образованию [ОКСО]	http://www.mosclassific.ru/mClass/okso_view.php	Общероссийский классификатор специальностей по образованию [ОКСО]	russia, government, classifiers	RU	Форма поиска	HTML														
Общероссийский классификатор территорий муниципальных образований [ОКТМО]	http://www.mosclassific.ru/mClass/oktmo_view.php	Общероссийский классификатор территорий муниципальных образований [ОКТМО]	russia, government, classifiers	RU	Форма поиска	HTML														
Общероссийский классификатор управленческой документации [ОКУД]	http://www.mosclassific.ru/mClass/okud_view.php	Общероссийский классификатор управленческой документации [ОКУД]	russia, government, classifiers	RU	Форма поиска	HTML														
Общероссийский классификатор услуг населению [ОКУН]	http://www.mosclassific.ru/mClass/okun_view.php	Общероссийский классификатор услуг населению [ОКУН]	russia, government, classifiers	RU	Форма поиска	HTML														
Общероссийский классификатор форм собственности [ОКФС]	http://www.mosclassific.ru/mClass/okfs_view.php	Общероссийский классификатор форм собственности [ОКФС]	russia, government, classifiers	RU	Форма поиска	HTML														
Общероссийский классификатор экономических регионов [ОКЭР]	http://www.mosclassific.ru/mClass/oker_view.php	Общероссийский классификатор экономических регионов [ОКЭР]	russia, government, classifiers	RU	Форма поиска	HTML														
Уполномоченные органы Центробанка	http://www.cbr.ru/credit/list_reg.asp	Уполномоченные органы Центробанка	russia, government, finances	RU	Массив данных	HTML(table)														
Территориальные органы казначейства	http://www.roskazna.ru/p/fk/ter_organs.html	Территориальные органы казначейства	russia, government, finances	RU	Массив данных	XLS														
Отчетность об исполнении Федерального бюджета РФ	http://www.roskazna.ru/reports/fb.html	Отчетность об исполнении Федерального бюджета РФ	russia, government, finances	RU	Каталог массивов данных	XLS														
Федеральный реестр контрактов - поиск	http://reestrgk.roskazna.ru	Федеральный реестр контрактов - поиск	russia, government, finances	RU	Форма поиска	HTML														
Федеральный реестр контрактов до 2006 года	http://frgk.economy.gov.ru/	Федеральный реестр контрактов до 2006 года	russia, government, finances	RU	Форма поиска	HTML														
Реестр недобросовестных поставщиков	http://rnp.fas.gov.ru/	Реестр недобросовестных поставщиков	russia, government, finances	RU	Форма поиска	HTML														
Реестр жалоб в ФАС	http://rnp.fas.gov.ru/complaint/	Реестр жалоб в ФАС	russia, government, finances	RU	Форма поиска	HTML														
Территориальные банки Сбербанка	http://www.sbrf.ru/ru/about/branch/territorial_banks/	Территориальные банки Сбербанка	russia, finances, sberbank	RU	Массив данных	HTML(table)														
Подразделения Сбербанка	http://www.sbrf.ru/ru/about/branch/list_branch/	Подразделения Сбербанка	russia, finances, sberbank	RU	Форма поиска	HTML														
Банкоматы Сбербанка	http://www.sbrf.ru/ru/about/branch/atm/	Банкоматы Сбербанка	russia, finances, sberbank	RU	Массив данных	XLS														
Торгово-сервисные точки, принимающие карты СБЕРКАРТ	http://www.sbrf.ru/ru/about/branch/unit/	Торгово-сервисные точки, принимающие карты СБЕРКАРТ	russia, finances, sberbank	RU	Массив данных	XLS														
Пункты выдачи наличных Сбербанка	http://www.sbrf.ru/ru/about/branch/office/	Пункты выдачи наличных Сбербанка	russia, finances, sberbank	RU	Массив данных	XLS														
Государственный реестр бюро кредитных историй	http://www.ffms.ru/catalog.asp?ob_no=24284	Государственный реестр бюро кредитных историй	russia, government, finances, ffms	RU	Массив данных	HTML(table)														
Сведения о негосударственных пенсионных фондах, осуществляющих обязательное пенсионное страхование	http://www.ffms.ru/catalog.asp?ob_no=36686	Сведения о негосударственных пенсионных фондах, осуществляющих обязательное пенсионное страхование	russia, government, finances, ffms	RU	Массив данных	HTML(table)														
"Список управляющих компаний победителей конкурса на право управления накопительной частью трудовой пенсии"	http://www.ffms.ru/catalog.asp?ob_no=3612	"Список управляющих компаний победителей конкурса на право управления накопительной частью трудовой пенсии"	russia, government, finances, ffms	RU	Массив данных	HTML(table)														
Список ценных бумаг иностранных эмитентов, квалифицированных ФСФР России в качестве финансовых инструментов	http://www.ffms.ru/catalog.asp?ob_no=117905	Список ценных бумаг иностранных эмитентов, квалифицированных ФСФР России в качестве финансовых инструментов	russia, government, finances, ffms	RU	Массив данных	HTML(table)														
Список организаций, имеющих лицензию биржевого посредника, совершающего товарные фьючерсные и опционные сделки в биржевой торговле	http://www.ffms.ru/catalog.asp?ob_no=3586	Список организаций, имеющих лицензию биржевого посредника, совершающего товарные фьючерсные и опционные сделки в биржевой торговле	russia, government, finances, ffms	RU	Массив данных	HTML(table)														
Сведения об организациях, осуществляющих деятельность по управлению инвестиционными фондами, паевыми инвестиционными фондами и негосударственными пенсионными фондами по состоянию на 01.10.2008	http://www.ffms.ru/catalog.asp?ob_no=3691	Сведения об организациях, осуществляющих деятельность по управлению инвестиционными фондами, паевыми инвестиционными фондами и негосударственными пенсионными фондами по состоянию на 01.10.2008	russia, government, finances, ffms	RU	Массив данных	HTML(table)														
Профессиональные участники фондового рынка НАУФОР	http://rep.naufor.ru/members/m1.asp	Профессиональные участники фондового рынка НАУФОР	russia, stockmarket, finances	RU	Массив данных	HTML(table)														
Национальная Лига Управляющих - перечень всех управляющих компаний	http://www.nlu.ru/uk-all.htm	Национальная Лига Управляющих - перечень всех управляющих компаний	russia, stockmarket, finances	RU	Массив данных	HTML(table), XLS														
Национальная Лига Управляющих - все ПИФы	http://www.nlu.ru/pifs-all.htm	Национальная Лига Управляющих - все ПИФы	russia, stockmarket, finances	RU	Массив данных	HTML(table), XLS, XML														
Национальная Лига Управляющих - члены НЛУ	http://www.nlu.ru/uk-members.htm	Национальная Лига Управляющих - члены НЛУ	russia, stockmarket, finances	RU	Массив данных	HTML(table)														
Список депозитариев фондового рынка	http://www.ffms.ru/catalog.asp?ob_no=3676	Список депозитариев фондового рынка	russia, stockmarket, finances	RU	Массив данных	HTML(table), XLS														
Реестр операторов персональных данных	http://pd.rsoc.ru/	Реестр операторов персональных данных	russia, government	RU	Форма поиска	HTML														
Реестр негосударственных пенсионных фондов	http://www.napf.ru/155751	Реестр негосударственных пенсионных фондов	russia, finances	RU	Массив данных	HTML(table)														
Список организаций членов НАПФ	http://www.napf.ru/201767	Список организаций членов НАПФ	russia, finances	RU	Массив данных	HTML(table)														
Список организаций ассоциированных членов НАПФ	http://www.napf.ru/211238	Список организаций ассоциированных членов НАПФ	russia, finances	RU	Массив данных	HTML(table)														
Предприятия и организации работающие с Геоинформацией и в области землеустройства	http://www.kadastr.ru/info/organizations_catalog/	Предприятия и организации работающие с Геоинформацией и в области землеустройства	russia, government	RU	Форма поиска	HTML														
Реестр лиц, считающихся кадастровыми инженерами в переходный период	http://www.kadastr.ru/field_of_activity/kadastr/kad_ingener/	Реестр лиц, считающихся кадастровыми инженерами в переходный период	russia, government	RU	Массив данных	XLS														
Реестр лицензий на деятельность по воспроизведению (изготовлению экземпляров) аудиовизуальных произведений и фонограмм на любых визуальных носителях	http://www.rsoc.ru/main/directions/lic/ree/	Реестр лицензий на деятельность по воспроизведению (изготовлению экземпляров) аудиовизуальных произведений и фонограмм на любых визуальных носителях	russia, government	RU	Массив данных	XLS														
Реестр лицензий на деятельность по телерадиовещанию	http://lic-v.esoftproject.ru/	Реестр лицензий на деятельность по телерадиовещанию	russia, government	RU	Форма поиска	HTML														
Реестр лицензий в области связи	http://www.rsoc.ru/main/directions/845/846/	Реестр лицензий в области связи	russia, government	RU	Массив данных	XLS														
Реестр присвоения радиочастот	http://www.rsoc.ru/main/directions/845/937/938/	Реестр присвоения радиочастот	russia, government	RU	Массив данных	XLS														
Реестр по лицензиям судовых радиостанций	http://www.rsoc.ru/main/directions/845/937/938/	Реестр по лицензиям судовых радиостанций	russia, government	RU	Массив данных	XLS														
Реестр операторов, занимающих существенное положение в сети связи общего пользования.	http://www.rsoc.ru/main/directions/845/856/	Реестр операторов, занимающих существенное положение в сети связи общего пользования.	russia, government	RU	Массив данных	DOC														
Реестр разрешений на строительство, реконструкцию, проведение изыскательских работ для проектирования и ликвидацию сухопутных линий связи при пересечении госграницы РФ и на приграничной территории	http://www.rsoc.ru/main/directions/845/857/	Реестр разрешений на строительство, реконструкцию, проведение изыскательских работ для проектирования и ликвидацию сухопутных линий связи при пересечении госграницы РФ и на приграничной территории	russia, government	RU	Массив данных	DOC														
Перечень наименований зарегистрированных СМИ	http://www.rsoc.ru/main/directions/845/933/	Перечень наименований зарегистрированных СМИ	russia, government	RU	Массив данных	XLS														
Реестр банковских идентификационных кодов БИК	http://cbr.bankir.ru/bik_update.shtml	Реестр банковских идентификационных кодов БИК	russia, finances	RU	Массив данных	DBF														
Перечень кредитных организаций, давших согласие на раскрытие формы 101	http://www.cbr.ru/credit/transparent.asp	Перечень кредитных организаций, давших согласие на раскрытие формы 101 (оборотная ведомость по счетам бухгалтерского учета) и формы 102 (отчет о прибылях и убытках)	russia, finances, government	RU	Массив данных	HTML(table)														
Справочник кредитных организаций	http://www.cbr.ru/credit/	Справочник кредитных организаций	russia, finances, government	RU	Массив данных	HTML(table)														
Перечень расчетно-кассовых центров Банка России	http://www.cbr.ru/today/structure/centers_list/main.asp?region=all&x=32&y=9	Перечень расчетно-кассовых центров Банка России	russia, finances, government	RU	Массив данных	HTML(table)														
Территориальные учреждения Банка России	 http://www.cbr.ru/today/structure/territorial_subdivisions.asp	Территориальные учреждения Банка России	russia, finances, government	RU	Массив данных	HTML(table)														
Реестр лицензий на ввоз ветеринарных фармпрепаратов	http://fsvps.ru/fsvps-license/publicui?_action=listLicenses	Реестр лицензий на ввоз ветеринарных фармпрепаратов	russia, government, medicine	RU	Форма поиска	HTML														
Регистрация лекарственных препаратов и добавок	http://www.fsvps.ru/fsvps-regcrt/operatorui?_action=clearRequestsList	Регистрация лекарственных препаратов и добавок	russia, government, medicine	RU	Форма поиска	HTML														
Список лекарственных препаратов для животных	http://www.fsvps.ru/fsvps-regcrt/operatorui?_action=printRequestsStandalone	Список лекарственных препаратов для животных	russia, government, medicine	RU	Форма поиска	HTML														
Россельхознадзор. Регистрация кормов полученных из ГМО - справочник заявок	http://www.fsvps.ru/fsvps-regcrtgmo/operatoruigmo?_action=clearRequestsList	Россельхознадзор. Регистрация кормов полученных из ГМО - справочник заявок	russia, government, medicine	RU	Форма поиска	HTML														
Список территориальных управлений федеральной службы потребительского надзора	http://www.rospotrebnadzor.ru/federal_service/structure/subject/	Список территориальных управлений федеральной службы потребительского надзора	russia, government	RU	Массив данных	HTML(table)														
Центры гигиены и эпидемиологии Роспотребнадзора	http://www.rospotrebnadzor.ru/federal_service/structure/centres/	Центры гигиены и эпидемиологии Роспотребнадзора	russia, government	RU	Массив данных	HTML(table)														
Научно-исследовательские институты Роспотребнадзора	http://www.rospotrebnadzor.ru/federal_service/structure/institute/	Научно-исследовательские институты Роспотребнадзора	russia, government	RU	Массив данных	HTML(table)														
Противочумные учреждения Роспотребнадзора	http://www.rospotrebnadzor.ru/federal_service/structure/chuma/	Противочумные учреждения Роспотребнадзора	russia, government	RU	Массив данных	HTML(table)														
Дезинфекционные станции Роспотребнадзора	http://www.rospotrebnadzor.ru/federal_service/structure/other/	Дезинфекционные станции Роспотребнадзора	russia, government	RU	Массив данных	HTML(table)														
Реестр выданных лицензий на деятельность, связанную с использованием возбудителей инфекционных заболеваний, и лицензий на деятельность в области использования источников ионизирующего излучения (генерирующих) (выданные Федеральной службой, включая Управления)	http://fp.crc.ru/licenfr/?type=list	Реестр выданных лицензий на деятельность, связанную с использованием возбудителей инфекционных заболеваний, и лицензий на деятельность в области использования источников ионизирующего излучения (генерирующих) (выданные Федеральной службой, включая Управления)	russia, government	RU	Массив данных	HTML(table)														
Реестр продукции, прошедшей государственную регистрацию (выданные Федеральной службой, включая Управления)	http://fp.crc.ru/gosregfr/?type=list	Реестр продукции, прошедшей государственную регистрацию (выданные Федеральной службой, включая Управления)	russia, government	RU	Массив данных	HTML(table)														
Реестры Роспотребнадзора и сан.-эпид. службы России	http://fp.crc.ru/	Реестры Роспотребнадзора и сан.-эпид. службы России	russia, government	RU	Каталог массивов данных	HTML(table)														
Экспертные организации ФСТ РФ	http://www.fstrf.ru/about/expert_org	Экспертные организации ФСТ РФ	russia, government	RU	Массив данных	HTML(table)														
Региональные регулирующие органы ФСТ РФ	http://www.fstrf.ru/about/region/showlist	Региональные регулирующие органы ФСТ РФ	russia, government	RU	Массив данных	HTML(table)														
Реестр объединений субъектов страхового дела	http://www.fssn.ru/www/site.nsf/web/doc_11072008094250.html	Реестр объединений субъектов страхового дела	russia, government	RU	Массив данных	XLS														
Единый государственный реестр субъектов страхового дела	http://www.fssn.ru/www/site.nsf/web/doc_11072008093910.html	Единый государственный реестр субъектов страхового дела	russia, government	RU	Массив данных	XLS														
Реестр организаций осуществляющих юридическую регистрацию (SPRO)	http://www.gnivc.ru/Document.aspx?id=734	Реестр организаций осуществляющих юридическую регистрацию (SPRO)	russia, government	RU	Массив данных	DBF														
Банк судебных актов и документов Высшего Арбитражного Суда Российской Федерации	http://www.arbitr.ru/decision/vas_obraz/	Банк судебных актов и документов Высшего Арбитражного Суда Российской Федерации	russia, government, legal	RU	Форма поиска	HTML														
Банк решений арбитражных судов (ИС БРАС v. 2.0)	http://www.arbitr.ru/bras/	Банк решений арбитражных судов (ИС БРАС v. 2.0)	russia, government, legal	RU	Форма поиска	HTML														
Информация по судебным делам Высшего арбитражного суда	http://www.arbitr.ru/as/vas/ais2/	Информация по судебным делам Высшего арбитражного суда	russia, government, legal	RU	Форма поиска	HTML														
Перечень аккредитованных аттестационных (лицензионных) центров в области защиты информации	http://www.fstec.ru/_razd/_lico.htm	Перечень аккредитованных аттестационных (лицензионных) центров в области защиты информации	russia, government, security	RU	Массив данных	XLS														
Реестр выданных лицензий на деятельность по технической защите конфиденциальной информации	http://www.fstec.ru/_razd/_lico.htm	Реестр выданных лицензий на деятельность по технической защите конфиденциальной информации	russia, government, security	RU	Массив данных	XLS														
Реестр выданных лицензий на деятельность по разработке и (или) производству средств защиты конфиденциальной информаци	http://www.fstec.ru/_razd/_lico.htm	Реестр выданных лицензий на деятельность по разработке и (или) производству средств защиты конфиденциальной информаци	russia, government, security	RU	Массив данных	XLS														
Государственный реестр сертифицированных средств защиты информации	http://www.fstec.ru/_razd/_serto.htm	Государственный реестр сертифицированных средств защиты информации	russia, government, security	RU	Массив данных	XLS														
Перечень органов по аттестации Системы сертификации средств защиты информации по требованиям безопасности информации ФСТЭК России	http://www.fstec.ru/_razd/_serto.htm	Перечень органов по аттестации Системы сертификации средств защиты информации по требованиям безопасности информации ФСТЭК России	russia, government, security	RU	Массив данных	XLS														
Перечень испытательных лабораторий Системы сертификации средств защиты информации по требованиям безопасности информации ФСТЭК России	http://www.fstec.ru/_razd/_serto.htm	Перечень испытательных лабораторий Системы сертификации средств защиты информации по требованиям безопасности информации ФСТЭК России	russia, government, security	RU	Массив данных	XLS														
Перечень органов по сертификации Системы сертификации средств защиты информации по требованиям безопасности информации ФСТЭК России	http://www.fstec.ru/_razd/_serto.htm	Перечень органов по сертификации Системы сертификации средств защиты информации по требованиям безопасности информации ФСТЭК России	russia, government, security	RU	Массив данных	XLS														
Реестр членов СРО НКСО	http://www.nprko.ru/pages_308.html	Реестр членов СРО НКСО	russia	RU	Массив данных	XLS														
Государственные судебно-экспертные учреждения Минюста России	http://www.sudexpert.ru/organiz.htm	Государственные судебно-экспертные учреждения Минюста России	russia, legal	RU	Массив данных	HTML(table)														
Учетные списки, зарегистрированных эмблем некоммерческих организаций и символики общественных объединений:	http://www.minjust.ru/ru/activity/nko/simvol/	Учетные списки, зарегистрированных эмблем некоммерческих организаций и символики общественных объединений:	russia, legal, government	RU	Массив данных	XLS														
Реестр аудиторов и аудиторских организаций Российской Коллегии аудиторов	http://www.rkanp.ru/?id=2189&w=0809	Реестр аудиторов и аудиторских организаций Российской Коллегии аудиторов	russia, legal	RU	Массив данных	PDF														
Члены ассоциации союза упаковщиков	http://www.soyuzupak.ru/members/mem1.htm	Члены ассоциации союза упаковщиков	russia	RU	Массив данных	HTML(table)														
Члены Алмазной Палаты России	http://www.diamond-chamber.ru/rus/Member.htm	Члены Алмазной Палаты России	russia	RU	Массив данных	HTML(table)														
Научно-промышленная ассоциация арматурострителей	http://www.npa-arm.org/index.php?option=com_catalog&Itemid=66	Научно-промышленная ассоциация арматурострителей	russia	RU	Массив данных	HTML(table)														
Ассоциация гражданских аэропортов	http://www.airport.org.ru/04_02_member.html	Ассоциация гражданских аэропортов	russia	RU	Массив данных	DOC														
Российская гильдия риэлторов	http://www.rgr.ru/Guild/MemberList/default.aspx	Российская гильдия риэлторов	russia	RU	Форма поиска	HTML														
Члены ассоциации российских морских портов	http://www.morport.com/rus/about/members/	Члены ассоциации российских морских портов	russia	RU	Массив данных	HTML(table)														
Российский союз кожевенников	http://www.souzkogevnikov.ru/partner_5.html	Российский союз кожевенников	russia	RU	Массив данных	HTML(table)														
ГЛАВНЫЙ  РЕЕСТР ЛИЦЕНЗИЙ РОСГИДРОМЕТА  НА ОСУЩЕСТВЛЕНИЕ ДЕЯТЕЛЬНОСТИ В ОБЛАСТИ ГИДРОМЕТЕОРОЛОГИИ И СМЕЖНЫХ С НЕЙ ОБЛАСТЯХ	http://www.meteorf.ru/rgm2.aspx?RgmFolderID=fa1330c4-10b9-4128-b5d1-9cc78ef94477	ГЛАВНЫЙ  РЕЕСТР ЛИЦЕНЗИЙ РОСГИДРОМЕТА  НА ОСУЩЕСТВЛЕНИЕ ДЕЯТЕЛЬНОСТИ В ОБЛАСТИ ГИДРОМЕТЕОРОЛОГИИ И СМЕЖНЫХ С НЕЙ ОБЛАСТЯХ	russia, government	RU	Массив данных	DOC														
Кадровый резерв при президенте России	http://www.kremlin.ru/articles/kadry.shtml	Кадровый резерв при президенте России	russia, government	RU	Массив данных	DOC														
Реестр адвокатов Москвы	http://www.advokatymoscow.ru/reestr.php	Реестр адвокатов Москвы	russia, legal	RU	Массив данных	XLS														
Телефонные коды Мегафон-Поволжье	http://megafonvolga.ru/abonent/numbertable/	Телефонные коды Мегафон-Поволжье	russia, phone	RU	Массив данных	HTML(table)														
Реестр лицензий эксплуатантов авиационной техники	http://www.favt.ru/lic/index.php?idmd=lic_rle	Реестр лицензий эксплуатантов авиационной техники	russia, government, avia	RU	Массив данных	HTML(table)														
Реестр организаций, осуществляющих деятельность по организационному обеспечению полетов воздушных судов.	http://www.favt.ru/cooop/index.php?idmd=cooop_02_08	Реестр организаций, осуществляющих деятельность по организационному обеспечению полетов воздушных судов.	russia, government, avia	RU	Массив данных	HTML(table)														
Перечень аэропортов, включенных в Государственный реестр аэропортов Российской Федерации	http://www.favt.ru/ap/ap_rga/	Перечень аэропортов, включенных в Государственный реестр аэропортов Российской Федерации	russia, government, avia	RU	Массив данных	HTML(table)														
Список эксплуатантов коммерческой гражданской авиации	http://www.favt.ru/airl/airl_r/index.php	Список эксплуатантов коммерческой гражданской авиации	russia, government, avia	RU	Массив данных	HTML(table)														
Реестр информационных ресурсов Вологодской области	http://vologda-oblast.ru/gir.asp?LNG=RUS&TR=1	Реестр информационных ресурсов Вологодской области	russia, government	RU	Массив данных	HTML(table)														
Реестр информационных ресурсов Тюменской области	http://reestr.admtyumen.ru/	Реестр информационных ресурсов Тюменской области	russia, government	RU	Массив данных	HTML(table)														
Реестр государственных информационных ресурсов Ярославской области	http://www.adm.yar.ru/gir.aspx	Реестр государственных информационных ресурсов Ярославской области	russia, government	RU	Массив данных	HTML(table)														
"OZON.RU Каталог товаров XML"	http://www.ozon.ru/context/partner_xml/	"OZON.RU Каталог товаров XML"	russia, books	RU	Массив данных	XML, XLS														
OZON.RU веб сервис	http://www.ozon.ru/context/partner_xml/	OZON.RU веб сервис	russia, books, api	RU	API	WSDL														
API Яндекс.Карты	http://api.yandex.ru/maps/	API Яндекс.Карты	russia, maps, geo, api	RU	API	XML, JSON														
Поиск Яндекс.XML	http://xml.yandex.ru/	Поиск Яндекс.XML	russia, search, api	RU	API	XML, JSON														
Архивы по партнёрской программе Болеро	http://www.bolero.ru/partners/index.php?nstep=catalog	Архивы по партнёрской программе Болеро	russia, books	RU	Массив данных	CSV														
"Данные по книгам магазина ""Книжная орбита"""	http://www.knor.ru/cgi-bin/part.pl?bd	"Данные по книгам магазина ""Книжная орбита"""	russia, books	RU	Массив данных	CSV														
API социальной сети TooDoo	http://toodoo.ru/support/api	API социальной сети TooDoo	russia, api, social	RU	API	XML														
API для социальной сети Memori	http://memori.ru/instruments/	API для социальной сети Memori	russia, api, social	RU	API	XML														
Реестры Банка России	http://www.cbr.ru/analytics/registers.asp	Реестры Банка России	russia, government, finances	RU	Каталог массивов данных	DOC														
База данных по памятным и инвестиционным монетам	http://www.cbr.ru/bank-notes_coins/Coins_base/	База данных по памятным и инвестиционным монетам	russia, government, finances	RU	Форма поиска	HTML														
"Банк России. Веб - сервис для получения ежедневных данных (курсы валют, учетные цены драг. металлов...)"	http://www.cbr.ru/scripts/Root.asp?Prtid=DWS	"Банк России. Веб - сервис для получения ежедневных данных (курсы валют, учетные цены драг. металлов...)"	russia, government, finances	RU	API	XML, WSDL														
"Банк России. Веб - сервис для получения данных регионального раздела"	http://www.cbr.ru/scripts/Root.asp?Prtid=WSR	"Банк России. Веб - сервис для получения данных регионального раздела"	russia, government, finances	RU	API	XML, WSDL														
"Банк России. Веб - сервис для получения информации справочника по кредитным организациям"	http://www.cbr.ru/scripts/Root.asp?Prtid=WSCO	"Банк России. Веб - сервис для получения информации справочника по кредитным организациям"	russia, government, finances	RU	API	XML, WSDL														
"Банк России. Веб - сервис для получения информации по рынку ценных бумаг"	http://www.cbr.ru/scripts/Root.asp?Prtid=SEC	"Банк России. Веб - сервис для получения информации по рынку ценных бумаг"	russia, government, finances	RU	API	XML, WSDL														
"Банк России. Веб - сервис для поисковой системы"	http://www.cbr.ru/scripts/Root.asp?Prtid=WSRP	"Банк России. Веб - сервис для поисковой системы"	russia, government, finances	RU	API	XML, WSDL														
Банк России. XML сервисы	http://www.cbr.ru/scripts/Root.asp?Prtid=SXML	Банк России. XML сервисы	russia, government, finances	RU	API	XML														
Статистика торгов РТС	http://ftp.rts.ru/pub/info/stats/	Статистика торгов РТС	russia, finances, stockmarket	RU	Массив данных	XLS														
Статистика торгов по FORTS на РТС	http://ftp.rts.ru/pub/FORTS/pubstat/	Статистика торгов по FORTS на РТС	russia, finances, stockmarket	RU	Массив данных	XLS														
Сервис перераспространения информации с ММВБ	http://www.micex.ru/services/marketdata/delayed_data/500	Платный сервис 	russia, finances, stockmarket	RU	Массив данных	XML														
Список участников торгов ММВБ	http://www.micex.ru/markets/stock/members/list	Список участников торгов ММВБ с регистрационными номерами	russia, finances, stockmarket	RU	Массив данных	XLS														
Список маркет-мейкеров ММВБ	http://www.micex.ru/markets/stock/participation/marketmakers/178	Список маркет-мейкеров ММВБ	russia, finances, stockmarket	RU	Массив данных	XLS														
Список ценных бумаг, допущенных к торгам в ЗАО «ФБ ММВБ»	http://www.micex.ru/markets/stock/securities/current_list	Список ценных бумаг, допущенных к торгам в ЗАО «ФБ ММВБ»	russia, finances, stockmarket	RU	Массив данных	DBF														
Список эмитентов ММВБ	http://www.micex.ru/markets/stock/emitents_info/list	Список эмитентов ММВБ	russia, finances, stockmarket	RU	Массив данных	HTML(table), JSON														
Архив базисных цен ММВБ	http://www.micex.ru/markets/futures/stock_derivatives/today	Архив базисных цен ММВБ	russia, finances, stockmarket	RU	Массив данных	CSV														
Пользователи S.W.I.F.T. Российской Федерации	http://www.swift.ru/index.php?n=1&f=10	Пользователи S.W.I.F.T. Российской Федерации	russia, finances	RU	Массив данных	HTML(table)														
Fedex Web Services	http://fedex.com/us/developer/index.html	Fedex Web Services	delivery	EN	API	XML														
Определение геопозиции по почтовому индексу	http://trac.enotpoiskun.ru/wiki/Geposition_by_postcode	Определение геопозиции по почтовому индексу	russia, geo, geotagging, postcode	RU	API	XML														
Geonames data	http://download.geonames.org/export/dump/	Geonames data	geo	EN	Массив данных	CSV														
Geonames postal codes	http://download.geonames.org/export/zip/	US and world postal codes	geo, postcode	EN	Массив данных	CSV														
Geonames web services	http://www.geonames.org/export/web-services.html	Online access to geonames databases of geolocations and postal codes	geo, postcode, api	EN	API	REST, XML, JSON														
AOT.RU - морфологические словари	http://www.aot.ru/download.php	AOT.RU - морфологические словари	russia, lingvistic	RU	Массив данных															
БобрДобр - API	http://bobrdobr.ru/api.html	БобрДобр - API	russia, social, api	RU	API	XML														
API видеохостинга Smotri.com	http://api.smotri.com/wiki	API видеохостинга Smotri.com	russia, social, video, api	RU	API	XML,JSON														
API музыкального сервиса LastFm.Ru	http://www.lastfm.ru/api	API музыкального сервиса LastFm.Ru	"russia, social, music, api"	RU	API	XML														
RuTube API для видеохостинга	http://rutube.ru/partners/api.html	RuTube API для видеохостинга	russia, social, video, api	RU	API	JS														
API для партнёров регистратора доменов Reg.Ru	http://www.reg.ru/reseller/API	API для партнёров регистратора доменов Reg.Ru	russia, internet, domains, api	RU	API															
Tagoo XML API	http://tagoo.ru/webmaster.php?mode=xml_api	XML API для сервиса Tagoo	russia, search, api	RU	API	XML														
Tagoo AJAX API	http://tagoo.ru/webmaster.php?mode=json_api	AJAX API для сервиса Tagoo	russia, search, api	RU	API	JSON														
Напиши.Ру - API для отправки SMS	http://www.napishi.ru/interface.asp	Напиши.Ру - API для отправки SMS	russia, sms, api	RU	API	XML														
API для рекламной системы Бегун	http://my.begun.ru/agency/api.reg.new.phtml	API для рекламной системы Бегун - для работы агенств и только по предварительной регистрации	russia, advertizement, api	RU	API	XML														
API хостинга фотографий Фламбер.Ру	http://flamber.ru/services/api	API хостинга фотографий Фламбер.Ру	russia, api, photo	RU	API	XML, REST														
Сервис меток времени timemarker.org	http://timemarker.org/ru/Documentation.aspx?article=api	Сервис меток времени timemarker.org	russia, api, security	RU	API	XML														
Smart-IP API	http://smart-ip.net/api/	Сервис извлечения информации об IP адресах	russia, internet, api	RU	API	JS														
Программный доступ биржи ссылок LinkFeed	http://api.linkfeed.ru/	Программный доступ биржи ссылок LinkFeed	russia, advertizement, api	RU	API	SOAP, WSDL, XML														
WIP Mania база IP адресов	http://www.wipmania.com/ru/base/	База IP адресов в привязке к геокоординатам	russia, geo, geotagging, ip	RU	Массив данных	CIDR, SQL, TXT														
WIP Mania сервисы	http://www.wipmania.com/ru/api/	Сервис определения геопозиции IP адреса	russia, api, geo, geotagging, ip	RU	API															
API онлайн сервиса фотографий Fishup	http://www.fishup.ru/developer/api/	API онлайн сервиса фотографий Fishup	russia, photo, api	RU	API	JSON														
Сервис работы с фотографиями IMGSRC.RU	http://imgsrc.ru/cli/develop.php	Сервис работы с фотографиями IMGSRC.RU	russia, photo, api	RU	API	XML														
Программные интерфейсы платежной системы INOCard	http://www.ino.ru/Public/Info/Seller.aspx	Программные интерфейсы платежной системы INOCard	russia, payment, api	RU	API	XML														
API для подключения к платёжному сервису assist.ru	http://assist.ru/support_center/setup/docs_and_prog.htm	API для подключения к платёжному сервису assist.ru	russia, payment, api	RU	API	XML														
Курсы валют Агропромбанка	http://www.agroprombank.com/?id=199	Курсы валют Агропромбанка в формате XML	russia, finances, api	RU	API	XML														
Справочник БИК РБ	http://www.nbrb.by/payment/	Справочник БИК РБ	belorussia, finances	RU	Массив данных	XLS														
Действующие банки Республики Белоруссия	http://www.nbrb.by/system/banks.asp	Действующие банки Республики Белоруссия	belorussia, finances	RU	Массив данных	HTML(table)														
Получение официальных курсов валют, устанавливаемых Нацбанком РБ, используя XML	http://www.nbrb.by/statistics/Rates/XML/	Получение официальных курсов валют, устанавливаемых Нацбанком РБ, используя XML	belorussia, finances	RU	API	XML														
Веб–сервис для получения официальных курсов валют, устанавливаемых Нацбанком РБ	http://www.nbrb.by/statistics/Rates/webservice/	Веб–сервис для получения официальных курсов валют, устанавливаемых Нацбанком РБ	belorussia, finances	RU	API	XML, SOAP														
Реестр адвокатов Московской области	http://www.mosoblreg.ru/ru/notariat/reestr.php	Реестр адвокатов Московской области	russia, legal	RU	Массив данных	DOC														
Реестр нотариусов Московской области	http://www.mosoblreg.ru/ru/notariat/reestrnot.php	Реестр нотариусов Московской области	russia, legal	RU	Массив данных	DOC														
Список нотариусов Кабардино-Балкарской Республики	http://rosreg-kbr.ru/notreestr.htm	Список нотариусов Кабардино-Балкарской Республики	russia, legal	RU	Массив данных	HTML(table)														
База данных частнопрактикующих нотариусов России 	http://www.notary.ru/notary/search.php	База данных частнопрактикующих нотариусов России 	russia, legal	RU	Форма поиска	HTML														
База нотариальных палат субъектов РФ	http://www.notary.ru/notary/bd.php	База нотариальных палат субъектов РФ	russia, legal	RU	Массив данных	HTML(table)														
Экспорт данных фондового рынка с сайта ФИНАМ	http://www.finam.ru/analysis/export/default.asp	Экспорт данных фондового рынка с сайта ФИНАМ	russia, stockmarket, finances	RU	Массив данных	Omega, Metastock, HTML(table)														
TheInfo.org - for people with large data sets	http://theinfo.org/	Большая подборка ресурсов и материалов по большим выборкам данных	datasets	EN	Каталог ссылок															
"Datamod. Public data put to good use. "	http://datamob.org/	"Datamod. Public data put to good use. "	datasets	EN	Каталог ссылок															
"TrustLet - Repositories of datasets"	http://www.trustlet.org/wiki/Repositories_of_datasets	"TrustLet - Repositories of datasets"	datasets	EN	Каталог ссылок															
Stanford Web Matrix	http://kamvar.org/personalization#	Stanford Web Matrix by Sep Kamvar	datasets, web	EN	Массив данных	Mathlab														
Datasets of openeconomics.net	http://www.openeconomics.net/store/	Datasets of openeconomics.net	datasets, economics, history	EN	Каталог массивов данных	CSV														
Портал информационного взаимодействия Санкт-Петербурга	http://portal.iac.spb.ru/	Портал информационного взаимодействия Санкт-Петербурга	russia, government	RU	Каталог массивов данных	DBF														
DEF-коды сотовых операторов	http://www.rt.ru/help-info/mh/	DEF-коды сотовых операторов	russia, phone	RU	Массив данных	XLS														
Общероссийский классификатор объектов административно-территориального деления (ОКАТО)	http://www.fomsrt.ru/NSI/okato	Общероссийский классификатор объектов административно-территориального деления (ОКАТО)	russia	RU	Массив данных	DBF														
Справочник категорий граждан, имеющих право на ГСП	http://www.fomsrt.ru/NSI/KGSP	Справочник категорий граждан, имеющих право на ГСП	russia, government, medicine	RU	Массив данных	DBF														
Справочник медицинских специальностей	http://www.fomsrt.ru/NSI/SMS	Справочник медицинских специальностей	russia, government, medicine	RU	Массив данных	DBF														
Справочник врачебных (медицинских) должностей	http://www.fomsrt.ru/NSI/SVD	Справочник врачебных (медицинских) должностей	russia, government, medicine	RU	Массив данных	DBF														
Информация о погоде от Gismeteo - в XML	http://informer.gismeteo.ru/	Информация о погоде от Gismeteo - в XML	russia, weather	RU	API	XML														
Сведения о получении и рассмотрении жалоб Рособоронзаказа	http://zhaloby-gz.fas.gov.ru/roz/	Сведения о получении и рассмотрении жалоб Рособоронзаказа	russia, government, procurement	RU	Форма поиска	HTML														
Справочник КБК на 2009 год	http://www.buhsoft.ru/?title=pressa/34/at.php	Справочник КБК на 2009 год	russia, finances	RU	Массив данных	XLS														
База предприятий банкротов на сайте арбитражного суда г. Москва	http://msk.arbitr.ru/info/bankrupt	База предприятий банкротов на сайте арбитражного суда г. Москва	russia, legal, government	RU	Форма поиска	HTML														
Поиск предприятий банкротов	http://www.ur-listok.ru/ManagerSearch.aspx	Поиск предприятий банкротов	russia, legal	RU	Форма поиска	HTML														
Объявления о несостоятельности	http://www.kommersant.ru/bankruptcy/	Объявления о несостоятельности	russia, legal, government	RU	Массив данных	HTML(table)														
Сведения из сводного государственного реестра арбитражных управляющих	http://www.rosregistr.ru/index.php?menu=4005150500	Сведения из сводного государственного реестра арбитражных управляющих	russia, legal, government	RU	Форма поиска	HTML														
Сведения об исключении из сводного государственного реестра арбитражных управляющих	http://www.rosregistr.ru/index.php?menu=4005150700	Сведения об исключении из сводного государственного реестра арбитражных управляющих	russia, legal, government	RU	Форма поиска	HTML														
Сведения о состоявшихся утверждениях арбитражных управляющих	http://www.rosregistr.ru/index.php?menu=4005151000	Сведения о состоявшихся утверждениях арбитражных управляющих	russia, legal, government	RU	Форма поиска	HTML														
Сведения о поступивших жалобах на действия членов саморегулируемой организации и об итогах рассмотрения таких жалоб	http://www.rosregistr.ru/index.php?menu=4005151500	Сведения о поступивших жалобах на действия членов саморегулируемой организации и об итогах рассмотрения таких жалоб	russia, legal, government	RU	Форма поиска	HTML														
Сведения из единого государственного реестра саморегулируемых организаций арбитражных управляющих	http://www.rosregistr.ru/index.php?menu=4005100000	Сведения из единого государственного реестра саморегулируемых организаций арбитражных управляющих	russia, legal, government	RU	Массив данных	HTML(table)														
ПЕРЕЧЕНЬ лицензированных лечебно-профилактических учреждений ФМБА	http://www.fmbaros.ru/struct/strpor.php?lpu=2	 ПЕРЕЧЕНЬ лицензированных лечебно-профилактических учреждений ФМБА	russia, medicine, government	RU	Массив данных	HTML(table)														
Федеральный перечень учебников утвержденный на 2008/2009 годы	http://mon.gov.ru/work/obr/dok/obs/4371/	Федеральный перечень учебников утвержденный на 2008/2009 годы	russia, education, government	RU	Массив данных	DOC														
Перечень участков недр федерального значения	http://www.mnr.gov.ru/part/?act=more&id=3320&pid=45	Перечень участков недр федерального значения	russia, government	RU	Массив данных	DOC														
Единый государственный реестр лотерей	http://www.nalog.ru/document.php?id=18581	Единый государственный реестр лотерей	russia, government	RU	Массив данных	DOC														
Реестр лицензий Министерства регионального развития Российской Федерации 	http://www.flc.ru/?id=28	Реестр лицензий Министерства регионального развития Российской Федерации 	russia, government	RU	Форма поиска	HTML														
Реестр конкурентоспособных ММП	http://www.marketcenter.ru/DataBase/catalog/	Реестр конкурентоспособных ММП	russia, business	RU	Массив данных	HTML(table)														
XML поиск gogo.ru	http://gogo.ru/help/xml_search.shtml	XML поиск gogo.ru	russia, search, api	RU	API	XML														
Формат метаописаний для обмена Интернет-ресурсами между горизонтальным и вертикальными порталами	http://www.edu.ru/files/catalog-xml.html	Формат метаописаний для обмена Интернет-ресурсами между горизонтальным и вертикальными порталами	russia, education, api	RU	API	XML														
FriendFeed API	http://friendfeed.com/api/	FriendFeed API	social, api	EN	API	XML														
Экспорт погоды в XML с сайта Гидрометцентра	http://www.meteoinfo.ru/xml-tech	Экспорт погоды в XML с сайта Гидрометцентра	russia, api, meteo	RU	API	XML														
Экспорт вакансий с сайта Работа.Ру	http://www.rabota.ru/help/#rssjsonphp	Экспорт вакансий с сайта Работа.Ру	russia, jobs, api	RU	API	XML, JSON, RSS														
Адресный реестр Волгограда и Волгоградской области	http://www.volgainfo.ru/07.asp	 Адресный реестр Волгограда и Волгоградской области	russia, geo, api, government	RU	API	SOAP, WSDL														
Статистика правонарушений на портале 112.ru	http://ps.112.ru/portal/dt?PortalMainContainer.setSelected=DefStatistics&last=false	Статистика правонарушений на портале 112.ru	russia, legal, government	RU	Форма поиска	HTML														
Реестр улиц города Смоленска	http://www.admcity.smolensk.ru/spravocn/streets/reestr_street.htm	Реестр улиц города Смоленска	russia, government, geo	RU	Массив данных	HTML(table)														
Маршруты транспорта г. Москва	http://yapriedu.ru/tat.php	Маршруты транспорта г. Москва	russia, transport	RU	Форма поиска	HTML														
Реестр улиц города Кирова	http://www.admkirov.ru/administration/architecture/streets/	Реестр улиц города Кирова	russia, government, geo	RU	Массив данных	DOC														
Реестр улиц города Хабаровска	http://www.khabarovskadm.ru/digital_khv/info/info/streets/index.php?ELEMENT_ID=2670	Реестр улиц города Хабаровска	russia, government, geo	RU	Массив данных	XLS														
Реестр улиц города Казани	http://www.uaig.kzn.ru/page3_5.htm	Реестр улиц города Казани	russia, government, geo	RU	Массив данных	XLS														
Справочник БИК республики Казахстан	http://www.nationalbank.kz/?uid=F5967B63-802C-E8F0-EBADC0DAF0D94728&docid=648	Справочник БИК республики Казахстан	kazakhstan, finances, government	RU	Массив данных	XLS														
Электронные справочники улиц и адресов «Адресного реестра города Петрозаводска»	http://www.petrozavodsk-mo.ru/petrozavodsk/gorod/addrspr.htm	Электронные справочники улиц и адресов «Адресного реестра города Петрозаводска» размещены согласно Постановлению Главы самоуправления г. Петрозаводска № 2652 от 20.10.2006	russia, geo, government	RU	Массив данных	XLS, DBF														
Реестр федеральных предприятий Росимущества	http://www.reestrrf.ru/	Реестр федеральных предприятий Росимущества	russia, government	RU	Форма поиска	HTML														
Расписания транспорта города Москвы на сайте МосТрансАвто	http://www.mostransavto.ru/?page=shed	Расписания транспорта города Москвы на сайте МосТрансАвто	russia, transport, moscow	RU	Форма поиска	HTML														
Реестр аттестованных агентов ГУП Мосритуал	http://www.mosritual.ru/katalog/products/attestovannye-agenty	Реестр аттестованных агентов ГУП Мосритуал	russia, moscow	RU	Массив данных	HTML(table)														
Кладбища Москвы	http://www.mosritual.ru/mesta-zahoronenija/	Кладбища Москвы	russia, moscow	RU	Массив данных	HTML(table)														
Крематории Москвы	http://www.mosritual.ru/mesta-zahoronenij/krematorii/	Крематории Москвы	russia, moscow	RU	Массив данных	HTML(table)														
Морги Москвы	http://www.mosritual.ru/mesta-zahoronenij/morgi/	Морги Москвы	russia, moscow	RU	Массив данных	HTML(table)														
Трупохранилища Москвы	http://www.mosritual.ru/mesta-zahoronenij/trupohranilischa/	Трупохранилища Москвы																		
ЗАГСы Москвы	http://www.mosritual.ru/mesta-zahoronenija/zagsy/	ЗАГСы Москвы	russia, moscow	RU	Массив данных	HTML(table)														
Храмы, синагоги и мечети Москвы практикующие отпевание	http://www.mosritual.ru/mesta-zahoronenija/hramy-sinagogi-mecheti/	Храмы, синагоги и мечети Москвы практикующие отпевание	russia, moscow	RU	Массив данных	HTML(table)														
Специализированные службы организации похорон	http://www.mosritual.ru/katalog/products/specializirovannye-sluzhby	Специализированные службы организации похорон	russia, moscow	RU	Массив данных	HTML(table)														
Уволенные агенты ГУП Мосритуал	http://www.mosritual.ru/pohoronnoe-delo-v-moskve/istoricheskaja-spravka/uvolennye-agenty/	Уволенные агенты ГУП Мосритуал	russia, moscow	RU	Массив данных	HTML(table)														
Расширенный поиск по картотеке дел Московского арбитражного суда	http://www.msk.arbitr.ru/info/ais/	Расширенный поиск по картотеке дел Московского арбитражного суда	russia, moscow, legal, court	RU	Форма поиска	HTML														
Судебные акты Арбитражного суда г. Москвы	http://www.msk.arbitr.ru/info/docdb/	Судебные акты Арбитражного суда г. Москвы	russia, moscow, legal, court, government	RU	Форма поиска	HTML														
Информация о банкротстве на сайте Арбитражного суда г. Москвы	http://www.msk.arbitr.ru/info/bankrupt/	Информация о банкротстве на сайте Арбитражного суда г. Москвы	russia, moscow, legal, court, government	RU	Форма поиска	HTML														
Реестр расходных обязательств города Москвы	http://www.findep.mos.ru/pages/363	Реестр расходных обязательств города Москвы	russia, moscow, government, finances, government	RU	Массив данных	XLS														
Реестр лицензиатов в сфере железнодорожного транспорта (02.2009)	http://www.rostransnadzor.ru/railway/registers/	Реестр лицензиатов в сфере железнодорожного транспорта (02.2009)	russia, government	RU	Массив данных	XLS														
РЕЕСТР одобренных учебно-тренажерных центров, реализующих программы тренажерной подготовки судоводителей и радиоспециалистов	http://rostransnadzor.ru/sea/registers/rtnregister_sea_tc.php	РЕЕСТР одобренных учебно-тренажерных центров, реализующих программы тренажерной подготовки судоводителей и радиоспециалистов	russia, government	RU	Массив данных	HTML(table)														
Реестр лицензий, предоставленных Ространснадзором на морском транспорте.	http://rostransnadzor.ru/sea/registers/	Реестр лицензий, предоставленных Ространснадзором на морском транспорте.	russia, government	RU	Массив данных	XLS														
Реестр учебно-тренажерных судов(УТС), береговых учебно-тенажерных центров (БУТЦ)признанных Федеральной службой по надзору в сфере транспорта, на право ведения подготовки моряков в соответствии с требованиями Главы V и VI Международной конвенции о подготовке и дипломировании моряков и несении вахты 1978 года с поправками (ПДНВ 78 с поправками).	http://rostransnadzor.ru/sea/registers/rtnregister_sea_uts.php	Реестр учебно-тренажерных судов(УТС), береговых учебно-тенажерных центров (БУТЦ)признанных Федеральной службой по надзору в сфере транспорта, на право ведения подготовки моряков в соответствии с требованиями Главы V и VI Международной конвенции о подготовке и дипломировании моряков и несении вахты 1978 года с поправками (ПДНВ 78 с поправками).	russia, government	RU	Массив данных	HTML(table)														
Реестр сертифицированны медицинских подразделений по состоянию на 12.03.2009.	http://rostransnadzor.ru/avia/registeravia/	Реестр сертифицированны медицинских подразделений по состоянию на 12.03.2009.	russia, government	RU	Массив данных	XLS														
Реестр лицензий на космическую деятельность	http://www.federalspace.ru/licence.asp	Реестр лицензий на космическую деятельность	russia, government, licensing, space	RU	Массив данных	DOC														
"База данных по режиму доступа российских товаров на зарубежные рынки"	http://mdb.economy.gov.ru/index.htm?menu_id=256	" База данных по режиму доступа российских товаров на зарубежные рынки"	russia, government, economy	RU	Форма поиска	HTML														
Бюллетени Счетной Палаты	http://www.ach.gov.ru/ru/bulletin/	Бюллетени Счетной Палаты	russia, government, economy	RU	Форма поиска	HTML														
Каталог отелей на сайте РосТуризма	http://www.russiatourism.ru/hotels/	Каталог отелей на сайте РосТуризма	russia, government, tourism	RU	Массив данных	HTML(table)														
Реестр федерального имущества	http://www.rosim.ru/_paging/0/doing/reestr_fi/	Реестр федерального имущества	russia, government	RU	Форма поиска	HTML														
Реализация арестованного, конфискованного и иного имущества	http://fpf.ru/sale.aspx?CatalogId=394	Реализация арестованного, конфискованного и иного имущества	russia, government	RU	Форма поиска	HTML														
Продажа высвобождаемого военного имущества	http://fpf.ru/sale.aspx?CatalogId=393	Продажа высвобождаемого военного имущества	russia, government	RU	Форма поиска	HTML														
Приватизация федерального имущества	http://fpf.ru/sale.aspx?CatalogId=392	Приватизация федерального имущества	russia, government	RU	Форма поиска	HTML														
Продажа недвижимости ФГУП	http://www.rosim.ru/doing/sale/	Продажа недвижимости ФГУП	russia, government	RU	Форма поиска	HTML														
Лицензирование деятельности по изготовлению защищенной полиграфической продукции	http://www1.minfin.ru/ru/public_debt/capital_issue/licensing/index.php?id4=108	Лицензирование деятельности по изготовлению защищенной полиграфической продукции	russia, government	RU	Массив данных	HTML(table)														
ПЕРЕЧЕНЬ НЕГОСУДАРСТВЕННЫХ ПЕНСИОННЫХ ФОНДОВ, ОСУЩЕСТВЛЯЮЩИХ ДЕЯТЕЛЬНОСТЬ ПО ОБЯЗАТЕЛЬНОМУ ПЕНСИОННОМУ СТРАХОВАНИЮ	http://www.pfrf.ru/content/view/2536/138/	ПЕРЕЧЕНЬ НЕГОСУДАРСТВЕННЫХ ПЕНСИОННЫХ ФОНДОВ, ОСУЩЕСТВЛЯЮЩИХ ДЕЯТЕЛЬНОСТЬ ПО ОБЯЗАТЕЛЬНОМУ ПЕНСИОННОМУ СТРАХОВАНИЮ	russia, government	RU	Массив данных	XLS														
Реестр аккредитованных организаций технической инвентаризации 	http://www.kadastr.ru/field_of_activity/technical_account/	Реестр аккредитованных организаций технической инвентаризации 	russia, government	RU	Массив данных	XLS														
Классификаторы для ведения Единого государственного реестра объектов капитального строительства	http://www.kadastr.ru/field_of_activity/technical_account/	Классификаторы для ведения Единого государственного реестра объектов капитального строительства	russia, government	RU	Массив данных	DOC														
Перечень пунктов пропуска через государственную границу РФ	http://www.rosgranitsa.ru/about/docs/pp/1724-r	Перечень пунктов пропуска через государственную границу РФ	russia, government	RU	Массив данных	HTML														
Всероссийский реестр видовв спорта	http://sport.minstm.gov.ru/13/181/	Всероссийский реестр видовв спорта	russia, government, sport	RU	Массив данных	DOC														
Реестр субъектов естественных монополий в топливно-энергетическом комплексе транспортировка газа по трубопроводам	http://www.fstrf.ru/otrasli/gas/viewdoc?url=/fst/dep/law/doc/21	Реестр субъектов естественных монополий в топливно-энергетическом комплексе транспортировка газа по трубопроводам	russia, government	RU	Массив данных	DOC														
Реестр субъектов естественных монополий в топливно-энергетическом комплексе транспортировка нефти и (или) нефтепродуктов по магистральным трубопроводам	http://www.fstrf.ru/otrasli/oil/viewdoc?url=/fst/dep/law/doc/22	Реестр субъектов естественных монополий в топливно-энергетическом комплексе транспортировка нефти и (или) нефтепродуктов по магистральным трубопроводам	russia, government	RU	Массив данных	DOC														
"Реестр субъектов естественных монополий на транспорте"	http://www.fstrf.ru/otrasli/terminal/viewdoc?url=/fst/dep/law/doc/26	"Реестр субъектов естественных монополий на транспорте"	russia, government	RU	Массив данных	DOC														
Реестр субъектов естественных монополий в области связи	http://www.fstrf.ru/otrasli/con/viewdoc?url=/fst/dep/law/doc/36	Субъекты естественных монополий в области связи	russia, government	RU	Массив данных	DOC														
Реестр субъектов естественных монополий в топливно-энергетическом комплексе	http://www.fstrf.ru/otrasli/electro/viewdoc?url=/fst/dep/law/doc/20	Реестр субъектов естественных монополий в топливно-энергетическом комплексе	russia, government	RU	Массив данных	DOC														
"Реестр субъектов естественных монополий на транспорте"	http://www.fstrf.ru/otrasli/transport/viewdoc?url=/fst/dep/law/doc/26	"Реестр субъектов естественных монополий на транспорте"	russia, government	RU	Массив данных	DOC														
Экспертные организации ФСТ	http://www.fstrf.ru/expert_org/list_orgs	Экспертные организации ФСТ	russia, government	RU	Массив данных	HTML(table)														
Базы данных Роспатента	http://www1.fips.ru/wps/wcm/connect/content_ru/ru/inform_resources/inform_retrieval_system/article_2/article_1	Базы данных Роспатента	russia, government	RU	Каталог ссылок															
																				
																				
																				
																				
																				
																				
																				
																				
																				
																				
																				
																				
																				
																				
																				
																				
																				
																				
																				
